-- MySQL dump 10.13  Distrib 8.0.25, for Linux (x86_64)
--
-- Host: localhost    Database: la_palma
-- ------------------------------------------------------
-- Server version	8.0.25-0ubuntu0.20.04.1

/*!40101 SET @OLD_CHARACTER_SET_CLIENT=@@CHARACTER_SET_CLIENT */;
/*!40101 SET @OLD_CHARACTER_SET_RESULTS=@@CHARACTER_SET_RESULTS */;
/*!40101 SET @OLD_COLLATION_CONNECTION=@@COLLATION_CONNECTION */;
/*!50503 SET NAMES utf8mb4 */;
/*!40103 SET @OLD_TIME_ZONE=@@TIME_ZONE */;
/*!40103 SET TIME_ZONE='+00:00' */;
/*!40014 SET @OLD_UNIQUE_CHECKS=@@UNIQUE_CHECKS, UNIQUE_CHECKS=0 */;
/*!40014 SET @OLD_FOREIGN_KEY_CHECKS=@@FOREIGN_KEY_CHECKS, FOREIGN_KEY_CHECKS=0 */;
/*!40101 SET @OLD_SQL_MODE=@@SQL_MODE, SQL_MODE='NO_AUTO_VALUE_ON_ZERO' */;
/*!40111 SET @OLD_SQL_NOTES=@@SQL_NOTES, SQL_NOTES=0 */;

--
-- Table structure for table `OWNER`
--

DROP TABLE IF EXISTS `OWNER`;
/*!40101 SET @saved_cs_client     = @@character_set_client */;
/*!50503 SET character_set_client = utf8mb4 */;
CREATE TABLE `OWNER` (
  `id_owner` smallint NOT NULL,
  `name` varchar(50) NOT NULL,
  `surname` varchar(50) NOT NULL,
  `telephone` varchar(25) DEFAULT NULL,
  `mail` varchar(50) DEFAULT NULL,
  PRIMARY KEY (`id_owner`)
) ENGINE=InnoDB DEFAULT CHARSET=utf8mb3;
/*!40101 SET character_set_client = @saved_cs_client */;

--
-- Dumping data for table `OWNER`
--

LOCK TABLES `OWNER` WRITE;
/*!40000 ALTER TABLE `OWNER` DISABLE KEYS */;
INSERT INTO `OWNER` (`id_owner`, `name`, `surname`, `telephone`, `mail`) VALUES (1,'','admin','636 51 77 85','joanqc@gmail.com'),(2,'Pere','Riudoms','640 34 56 68','priudoms@gmail.com'),(3,'Maria','Bartolí','600 32 43 54','mbartoli@gmail.com');
/*!40000 ALTER TABLE `OWNER` ENABLE KEYS */;
UNLOCK TABLES;

--
-- Table structure for table `PARCEL`
--

DROP TABLE IF EXISTS `PARCEL`;
/*!40101 SET @saved_cs_client     = @@character_set_client */;
/*!50503 SET character_set_client = utf8mb4 */;
CREATE TABLE `PARCEL` (
  `id_parcel` smallint NOT NULL,
  `code` char(3) NOT NULL,
  `lat` decimal(7,4) NOT NULL,
  `lon` decimal(7,4) NOT NULL,
  `base_price` decimal(7,2) DEFAULT NULL,
  PRIMARY KEY (`id_parcel`),
  UNIQUE KEY `code` (`code`)
) ENGINE=InnoDB DEFAULT CHARSET=utf8mb3;
/*!40101 SET character_set_client = @saved_cs_client */;

--
-- Dumping data for table `PARCEL`
--

LOCK TABLES `PARCEL` WRITE;
/*!40000 ALTER TABLE `PARCEL` DISABLE KEYS */;
INSERT INTO `PARCEL` (`id_parcel`, `code`, `lat`, `lon`, `base_price`) VALUES (1,'F-N',28.6145,-17.9267,30000.00),(2,'F-O',28.6145,-17.9262,30000.00),(3,'G-L',28.6140,-17.9277,30000.00),(4,'G-M',28.6140,-17.9272,30000.00),(5,'G-N',28.6140,-17.9267,30000.00),(6,'G-O',28.6140,-17.9262,30000.00),(7,'G-P',28.6140,-17.9257,30000.00),(8,'H-K',28.6135,-17.9282,30000.00),(9,'H-L',28.6135,-17.9277,30000.00),(10,'H-M',28.6135,-17.9272,30000.00),(11,'H-N',28.6135,-17.9267,30000.00),(12,'H-O',28.6135,-17.9262,30000.00),(13,'H-P',28.6135,-17.9257,30000.00),(14,'I-J',28.6130,-17.9287,30000.00),(15,'I-K',28.6130,-17.9282,30000.00),(16,'I-L',28.6130,-17.9277,30000.00),(17,'I-M',28.6130,-17.9272,30000.00),(18,'I-N',28.6130,-17.9267,30000.00),(19,'I-O',28.6130,-17.9262,30000.00),(20,'I-P',28.6130,-17.9257,30000.00),(21,'J-J',28.6125,-17.9287,30000.00),(22,'J-K',28.6125,-17.9282,30000.00),(23,'J-L',28.6125,-17.9277,30000.00),(24,'J-M',28.6125,-17.9272,30000.00),(25,'J-N',28.6125,-17.9267,30000.00),(26,'J-O',28.6125,-17.9262,30000.00),(27,'J-P',28.6125,-17.9257,30000.00),(28,'J-Q',28.6125,-17.9252,30000.00),(29,'K-J',28.6120,-17.9287,30000.00),(30,'K-K',28.6120,-17.9282,30000.00),(31,'K-L',28.6120,-17.9277,30000.00),(32,'K-M',28.6120,-17.9272,30000.00),(33,'K-N',28.6120,-17.9267,30000.00),(34,'K-O',28.6120,-17.9262,30000.00),(35,'K-P',28.6120,-17.9257,30000.00),(36,'K-Q',28.6120,-17.9252,30000.00),(37,'L-J',28.6115,-17.9287,30000.00),(38,'L-K',28.6115,-17.9282,30000.00),(39,'L-L',28.6115,-17.9277,30000.00),(40,'L-M',28.6115,-17.9272,30000.00),(41,'L-N',28.6115,-17.9267,30000.00),(42,'L-O',28.6115,-17.9262,30000.00),(43,'L-P',28.6115,-17.9257,30000.00),(44,'L-Q',28.6115,-17.9252,30000.00),(45,'M-J',28.6110,-17.9287,30000.00),(46,'M-K',28.6110,-17.9282,30000.00),(47,'M-L',28.6110,-17.9277,30000.00),(48,'M-M',28.6110,-17.9272,30000.00),(49,'M-N',28.6110,-17.9267,30000.00),(50,'M-O',28.6110,-17.9262,30000.00),(51,'M-P',28.6110,-17.9257,30000.00),(52,'M-Q',28.6110,-17.9252,30000.00),(53,'M-R',28.6110,-17.9247,30000.00),(54,'N-K',28.6105,-17.9282,30000.00),(55,'N-L',28.6105,-17.9277,30000.00),(56,'N-M',28.6105,-17.9272,30000.00),(57,'N-N',28.6105,-17.9267,30000.00),(58,'N-O',28.6105,-17.9262,30000.00),(59,'N-P',28.6105,-17.9257,30000.00),(60,'N-Q',28.6105,-17.9252,30000.00),(61,'N-R',28.6105,-17.9247,30000.00),(62,'O-K',28.6100,-17.9282,30000.00),(63,'O-L',28.6100,-17.9277,30000.00),(64,'O-M',28.6100,-17.9272,30000.00),(65,'O-N',28.6100,-17.9267,30000.00),(66,'O-O',28.6100,-17.9262,30000.00),(67,'O-P',28.6100,-17.9257,30000.00),(68,'O-Q',28.6100,-17.9252,30000.00),(69,'O-R',28.6100,-17.9247,30000.00),(70,'P-L',28.6095,-17.9277,30000.00),(71,'P-M',28.6095,-17.9272,30000.00),(72,'P-N',28.6095,-17.9267,30000.00),(73,'P-O',28.6095,-17.9262,30000.00),(74,'P-P',28.6095,-17.9257,30000.00),(75,'P-Q',28.6095,-17.9252,30000.00),(76,'P-R',28.6095,-17.9247,30000.00),(77,'P-S',28.6095,-17.9242,30000.00),(78,'Q-O',28.6090,-17.9262,30000.00),(79,'Q-P',28.6090,-17.9257,30000.00),(80,'Q-Q',28.6090,-17.9252,30000.00),(81,'Q-R',28.6090,-17.9247,30000.00),(82,'Q-S',28.6090,-17.9242,30000.00),(83,'R-P',28.6085,-17.9257,30000.00),(84,'R-Q',28.6085,-17.9252,30000.00),(85,'R-R',28.6085,-17.9247,30000.00),(86,'R-S',28.6085,-17.9242,30000.00);
/*!40000 ALTER TABLE `PARCEL` ENABLE KEYS */;
UNLOCK TABLES;

--
-- Table structure for table `TRANSACTION`
--

DROP TABLE IF EXISTS `TRANSACTION`;
/*!40101 SET @saved_cs_client     = @@character_set_client */;
/*!50503 SET character_set_client = utf8mb4 */;
CREATE TABLE `TRANSACTION` (
  `id_transaction` smallint NOT NULL,
  `id_parcel` smallint DEFAULT NULL,
  `id_owner` smallint DEFAULT NULL,
  `date_transaction` datetime DEFAULT NULL,
  `price` decimal(7,2) DEFAULT NULL,
  PRIMARY KEY (`id_transaction`),
  KEY `id_parcel` (`id_parcel`),
  KEY `id_owner` (`id_owner`),
  CONSTRAINT `TRANSACTION_ibfk_1` FOREIGN KEY (`id_parcel`) REFERENCES `PARCEL` (`id_parcel`),
  CONSTRAINT `TRANSACTION_ibfk_2` FOREIGN KEY (`id_owner`) REFERENCES `OWNER` (`id_owner`)
) ENGINE=InnoDB DEFAULT CHARSET=utf8mb3;
/*!40101 SET character_set_client = @saved_cs_client */;

--
-- Dumping data for table `TRANSACTION`
--

LOCK TABLES `TRANSACTION` WRITE;
/*!40000 ALTER TABLE `TRANSACTION` DISABLE KEYS */;
INSERT INTO `TRANSACTION` (`id_transaction`, `id_parcel`, `id_owner`, `date_transaction`, `price`) VALUES (1,1,1,'2021-10-09 00:00:00',30000.00),(2,2,1,'2021-10-09 00:00:00',30000.00),(3,3,1,'2021-10-09 00:00:00',30000.00),(4,4,1,'2021-10-09 00:00:00',30000.00),(5,5,1,'2021-10-09 00:00:00',30000.00),(6,6,1,'2021-10-09 00:00:00',30000.00),(7,7,1,'2021-10-09 00:00:00',30000.00),(8,8,1,'2021-10-09 00:00:00',30000.00),(9,9,1,'2021-10-09 00:00:00',30000.00),(10,10,1,'2021-10-09 00:00:00',30000.00),(11,11,1,'2021-10-09 00:00:00',30000.00),(12,12,1,'2021-10-09 00:00:00',30000.00),(13,13,1,'2021-10-09 00:00:00',30000.00),(14,14,1,'2021-10-09 00:00:00',30000.00),(15,15,1,'2021-10-09 00:00:00',30000.00),(16,16,1,'2021-10-09 00:00:00',30000.00),(17,17,1,'2021-10-09 00:00:00',30000.00),(18,18,1,'2021-10-09 00:00:00',30000.00),(19,19,1,'2021-10-09 00:00:00',30000.00),(20,20,1,'2021-10-09 00:00:00',30000.00),(21,21,1,'2021-10-09 00:00:00',30000.00),(22,22,1,'2021-10-09 00:00:00',30000.00),(23,23,1,'2021-10-09 00:00:00',30000.00),(24,24,1,'2021-10-09 00:00:00',30000.00),(25,25,1,'2021-10-09 00:00:00',30000.00),(26,26,1,'2021-10-09 00:00:00',30000.00),(27,27,1,'2021-10-09 00:00:00',30000.00),(28,28,1,'2021-10-09 00:00:00',30000.00),(29,29,1,'2021-10-09 00:00:00',30000.00),(30,30,1,'2021-10-09 00:00:00',30000.00),(31,31,1,'2021-10-09 00:00:00',30000.00),(32,32,1,'2021-10-09 00:00:00',30000.00),(33,33,1,'2021-10-09 00:00:00',30000.00),(34,34,1,'2021-10-09 00:00:00',30000.00),(35,35,1,'2021-10-09 00:00:00',30000.00),(36,36,1,'2021-10-09 00:00:00',30000.00),(37,37,1,'2021-10-09 00:00:00',30000.00),(38,38,1,'2021-10-09 00:00:00',30000.00),(39,39,1,'2021-10-09 00:00:00',30000.00),(40,40,1,'2021-10-09 00:00:00',30000.00),(41,41,1,'2021-10-09 00:00:00',30000.00),(42,42,1,'2021-10-09 00:00:00',30000.00),(43,43,1,'2021-10-09 00:00:00',30000.00),(44,44,1,'2021-10-09 00:00:00',30000.00),(45,45,1,'2021-10-09 00:00:00',30000.00),(46,46,1,'2021-10-09 00:00:00',30000.00),(47,47,1,'2021-10-09 00:00:00',30000.00),(48,48,1,'2021-10-09 00:00:00',30000.00),(49,49,1,'2021-10-09 00:00:00',30000.00),(50,50,1,'2021-10-09 00:00:00',30000.00),(51,51,1,'2021-10-09 00:00:00',30000.00),(52,52,1,'2021-10-09 00:00:00',30000.00),(53,53,1,'2021-10-09 00:00:00',30000.00),(54,54,1,'2021-10-09 00:00:00',30000.00),(55,55,1,'2021-10-09 00:00:00',30000.00),(56,56,1,'2021-10-09 00:00:00',30000.00),(57,57,1,'2021-10-09 00:00:00',30000.00),(58,58,1,'2021-10-09 00:00:00',30000.00),(59,59,1,'2021-10-09 00:00:00',30000.00),(60,60,1,'2021-10-09 00:00:00',30000.00),(61,61,1,'2021-10-09 00:00:00',30000.00),(62,62,1,'2021-10-09 00:00:00',30000.00),(63,63,1,'2021-10-09 00:00:00',30000.00),(64,64,1,'2021-10-09 00:00:00',30000.00),(65,65,1,'2021-10-09 00:00:00',30000.00),(66,66,1,'2021-10-09 00:00:00',30000.00),(67,67,1,'2021-10-09 00:00:00',30000.00),(68,68,1,'2021-10-09 00:00:00',30000.00),(69,69,1,'2021-10-09 00:00:00',30000.00),(70,70,1,'2021-10-09 00:00:00',30000.00),(71,71,1,'2021-10-09 00:00:00',30000.00),(72,72,1,'2021-10-09 00:00:00',30000.00),(73,73,1,'2021-10-09 00:00:00',30000.00),(74,74,1,'2021-10-09 00:00:00',30000.00),(75,75,1,'2021-10-09 00:00:00',30000.00),(76,76,1,'2021-10-09 00:00:00',30000.00),(77,77,1,'2021-10-09 00:00:00',30000.00),(78,78,1,'2021-10-09 00:00:00',30000.00),(79,79,1,'2021-10-09 00:00:00',30000.00),(80,80,1,'2021-10-09 00:00:00',30000.00),(81,81,1,'2021-10-09 00:00:00',30000.00),(82,82,1,'2021-10-09 00:00:00',30000.00),(83,83,1,'2021-10-09 00:00:00',30000.00),(84,84,1,'2021-10-09 00:00:00',30000.00),(85,85,1,'2021-10-09 00:00:00',30000.00),(86,86,1,'2021-10-09 00:00:00',30000.00);
/*!40000 ALTER TABLE `TRANSACTION` ENABLE KEYS */;
UNLOCK TABLES;
/*!40103 SET TIME_ZONE=@OLD_TIME_ZONE */;

/*!40101 SET SQL_MODE=@OLD_SQL_MODE */;
/*!40014 SET FOREIGN_KEY_CHECKS=@OLD_FOREIGN_KEY_CHECKS */;
/*!40014 SET UNIQUE_CHECKS=@OLD_UNIQUE_CHECKS */;
/*!40101 SET CHARACTER_SET_CLIENT=@OLD_CHARACTER_SET_CLIENT */;
/*!40101 SET CHARACTER_SET_RESULTS=@OLD_CHARACTER_SET_RESULTS */;
/*!40101 SET COLLATION_CONNECTION=@OLD_COLLATION_CONNECTION */;
/*!40111 SET SQL_NOTES=@OLD_SQL_NOTES */;

-- Dump completed on 2021-10-12 20:19:27
